5259622067,라메르 리프팅 아이 세럼 15ml,판매중,325000,325000 -> 335000
5132470543,키엘 훼이셜 퓨얼 모이스처라이저 200ml 세트,품절,66000,66000 -> 68000
5118612957,랩시리즈 퓨처 레스큐 리페어 세럼 50ml,판매중,85000,85000 -> 90000
5106279309,에스티로더 리-뉴트리브 얼티미트 리프트 에이지-코렉팅 크림 50ml,판매중,405000,405000 -> 409000
5090532081,디올 옴므 데오도란트 스프레이,판매중,43000,43000 -> 44000
5311212939,디올 포에버 스킨 글로우 쿠션,판매중,84000,84000 -> 88000
5089790782,디올 립 글로우,판매중,44000,44000 -> 45000
5078974963,바이레도 핸드크림 30ml,판매중,52000,52000 -> 55000
5078963942,바이레도 바디워시 225ml,판매중,62000,62000 -> 66000
5078954777,바이레도 핸드 워시,판매중,67000,67000 -> 72000
